First Word,Frequency
The,6544
It,1926
Merger,1
However,167
Implementation,3
Nevertheless,39
Wards,1
Regarding,1
Ask,9
On,313
Four,22
Fulton,2
Mayor,4
His,456
They,798
Attorneys,2
Henry,7
Hartsfield,1
He,2859
Georgia,2
Robert,8
State,15
In,1704
Despite,37
When,549
Five,23
Sam,10
Caldwells,1
Before,64
Gov,3
Vandiver,2
Construction,5
Meanwhile,22
A,1068
Schley,1
Pelham,2
While,116
As,518
Rep,7
Barber,2
But,1271
Colquitt,1
Davis,3
Ordinary,5
I,1375
During,129
Many,101
Sheriff,1
Austin,6
Daniel,7
Under,52
Dewey,2
Cox,1
There,805
Operating,5
Dallas,6
Im,61
One,385
Another,108
Without,38
Money,4
Two,89
Instead,44
Natural,1
Marshall,4
An,184
Opponents,1
All,213
Most,93
Cotten,1
Statements,1
This,1109
Grover,1
College,3
Fiftythree,1
Paris,1
Dr,47
Denton,1
These,339
Calls,2
Other,73
Extension,1
Research,12
Several,37
Bellows,2
Fears,1
Judge,6
Washington,19
Shortly,9
Decisions,1
Asked,16
Salinger,1
Karns,4
Contempt,1
Issue,7
Wexler,3
Mayer,1
Faced,4
Claims,1
After,236
Cost,2
Similar,11
Outlays,1
Officials,3
Both,82
Nursing,1
Full,3
2,70
3,49
Hospital,2
4,37
Community,5
Every,49
Wouldnt,3
Apart,10
Moreover,67
Contributions,1
More,71
Asks,1
For,576
Reaction,3
Congressional,1
Legislators,4
Those,63
Senate,1
Halleck,2
House,2
Only,96
Customary,1
Enforce,1
Oslo,1
Explosion,1
Canada,2
Even,179
Exploratory,1
Conflict,1
Each,117
Policies,2
Its,163
How,147
Former,2
GOP,1
Kennedy,5
Detente,1
and,343
Mr,241
Until,27
Aid,3
Very,20
Strenuous,1
Foreign,5
Again,41
And,789
SEATO,1
If,661
Offenses,1
Simultaneously,6
Among,55
East,6
Noting,5
Along,11
Matching,3
Speaking,12
Riverside,2
Such,106
Rhode,5
Governor,12
Should,21
Liberals,1
That,275
Some,200
Indicating,1
William,24
Increasing,3
Misunderstanding,1
Action,3
Council,1
At,387
Nothing,43
Local,9
Plainfield,1
Mitchell,6
Hughes,5
Now,225
Sunday,2
Regrets,1
Jones,10
Dumont,1
Decries,1
Defends,2
Earlier,3
Sees,1
Sen,4
Sandman,4
Mrs,112
County,4
Sheets,2
Although,121
Sheeran,1
Jim,8
Trenton,2
Seidel,1
Boonton,1
Attacks,2
Well,66
Calling,1
Conservation,1
She,880
Resentment,1
Opposition,1
Their,103
Last,31
Apparently,21
Screvane,1
Boston,5
Corruption,1
Graft,1
Day,4
Leadership,3
Three,33
What,310
About,41
Twelve,3
Six,19
Question,3
Interviews,2
Missionary,2
Can,25
R,5
No,249
Moscow,5
Indonesia,3
United,4
India,1
Formula,1
Geneva,3
Prince,3
Tactics,1
W,5
Princess,1
To,367
Appointment,1
Pfaff,1
From,147
Assuming,4
Pennsylvania,3
Within,38
Of,139
Great,6
Seats,1
Also,67
Street,1
Moving,3
Division,4
Then,336
division,2
Jackson,3
Barnett,3
Consequently,11
Could,18
Certainly,25
Districts,1
With,258
Mississippis,1
Split,1
Future,4
Reports,5
Baton,1
Indeed,41
Actually,36
Underlying,3
Passage,1
Since,164
Constant,1
Any,37
City,5
Estimates,1
Shortcuts,1
Hemphill,2
Varani,1
Managing,1
Concern,1
Business,5
Intervenes,1
Travelers,2
Wide,2
Bergers,1
Wagner,3
Berger,1
Douglas,3
Samuel,3
Goodis,2
Testifies,1
Revenue,2
Commissioner,1
15000,1
Backs,1
Petitions,1
Barnard,1
Victim,1
Would,28
Kansas,4
Battalion,1
Ignition,1
Gladdens,1
Hood,2
Police,7
Gladden,2
Led,2
Mining,1
Ankara,1
Bypassing,1
Gen,5
Party,1
Vincent,3
Ierulli,2
Helping,2
Martin,13
Patience,1
Insuring,1
By,185
Individual,6
Economically,1
Private,3
Chairman,3
Salem,2
Hatfield,1
Beaverton,1
Board,3
Secretary,9
Oak,2
Polls,1
Incumbent,2
Seeking,2
New,50
however,8
Super,1
Friday,2
Election,2
Church,2
Talking,1
800,1
we,23
US,7
Denials,1
Attorney,3
Proof,8
Schwab,1
Miami,4
Indications,2
Siebern,1
Over,26
Catcher,1
Rookie,3
Hartman,2
Bill,13
Keegan,1
Robinson,6
Whitey,2
Pete,11
John,47
Jackie,1
Lumpe,2
Carey,2
Breeding,2
Hansen,4
freshman,1
15,2
Seeks,1
Skinny,1
Duren,1
Ryne,1
Twentyoneyearold,1
Ralph,2
Squad,1
Pitcher,1
Baltimores,1
Just,97
Unfortunately,16
J,7
ExOriole,1
Bowie,1
Toying,1
8280,1
Richard,14
Prior,7
Culmone,1
Garden,1
Cleveland,3
Kerr,1
Mills,3
San,4
Waters,1
St,18
Time,20
Moritz,6
Thats,49
Place,22
Ive,27
Practice,1
Footnotes,1
their,12
Tailback,1
he,124
Saxton,1
Wingback,1
Monday,1
Assistant,4
We,552
Meek,1
Gannon,1
Except,9
Rice,1
SMU,1
Huddle,1
End,2
Halfback,1
Buffalo,1
Rabb,1
Exclaimed,2
Ramsey,4
Texas,2
Arkansas,1
Completing,2
Not,144
Nischwitz,2
Dick,2
Alusik,1
Jay,3
Chuck,3
Gaines,1
Chico,1
Bingles,1
Cliff,1
Mary,15
Lefty,1
Ed,2
Lemon,1
Turk,1
Al,4
Ogden,1
Jensen,1
Sports,1
Youll,23
Hes,39
Ritchie,1
Liston,1
Suddenly,23
Yes,34
Spahn,1
Incidentally,6
Bobby,10
Willies,4
Once,77
You,297
Cincinnati,1
Johnny,6
Hector,1
Momentarily,1
Philadelphia,5
Skorich,5
Williams,3
Gauer,1
Choice,1
Van,2
Coach,1
Shaw,2
Shea,3
Frank,3
Stengel,3
Mazeroski,1
Graham,1
Show,5
Named,1
Flushing,1
Sheas,1
Later,38
Maris,5
Arnold,6
Palmer,4
Deane,1
Horton,1
Golfs,1
So,204
Stickler,1
Palmers,3
Nor,34
Joe,2
Yet,135
Hell,13
Arnolds,1
Ruling,1
Nine,5
Tonight,3
Change,3
Solly,1
Manager,1
Harvey,5
Boyer,1
Haddix,1
Pirate,1
Mizell,1
Nieman,1
Our,81
Perhaps,88
Friend,2
Speakers,2
Wed,7
Kieffer,1
Mankowski,1
Benington,2
Bob,5
Bevo,1
Larry,1
Scherer,1
Happy,1
Mays,2
Mantle,12
Like,53
Labor,6
Inheriting,1
Next,32
Romantic,1
the,313
Young,7
Birgit,1
Her,146
ParichyHamm,1
Because,65
Here,126
Armed,6
First,68
Honolulu,1
Dec,1
Molly,1
Miss,51
BurkeRostagno,1
Lyon,1
Pretty,3
Shes,15
Everybody,10
Comic,1
La,2
a,69
Charley,1
Handsome,1
George,17
Olivia,1
Shell,9
Gorgeous,1
D,7
Itll,8
Whee,1
Typical,2
Fur,1
Emcee,1
Give,8
Best,6
Dave,7
Jump,1
Nobodys,1
Theyre,15
Albert,4
Hmpf,1
Snapped,1
Everywhere,6
My,102
Jean,4
Theyll,11
Music,5
Members,8
Gene,1
Beginning,5
Grandparents,2
Back,11
Brig,1
Cocktail,1
Cocktails,2
Guests,5
Fashion,3
Ah,6
Home,4
set,2
Maybe,45
Innumerable,1
Motorists,1
Oxnard,1
Parents,8
Honor,2
Cecil,1
Lee,4
Dan,7
Weve,14
Basin,1
Scenic,1
Bundle,1
Louis,7
Besides,41
Models,1
Col,2
Proceeds,2
Noted,1
Others,29
Assisting,1
Cmdr,1
Debutante,1
Howard,5
Salary,2
Sufficient,1
Boy,3
Annapolis,3
Cites,1
Ill,42
Doctors,1
Councilman,1
Werner,1
Conceding,1
Equipment,3
Sent,2
Work,6
Admitting,1
Recounting,1
automatic,1
Younger,2
Soon,21
Trooper,1
Simpkins,1
Maryland,1
Dodge,1
Nonresidential,2
residential,2
Residential,2
Convenience,1
Troublefree,1
Sixtyseven,1
Ultimately,4
Various,5
Heating,1
London,3
Gordon,1
Flashed,1
Refuses,1
Fourteen,2
Fuchs,1
Court,1
Almost,24
Britain,4
Navys,1
Thru,1
Reputedly,1
Interested,1
Range,1
Designs,1
Oddly,3
Cooperman,1
Buaford,1
Stickney,1
Patrolman,4
Pohl,4
Stepson,1
Hengesbach,3
Still,48
Lives,1
Charges,1
Circuit,1
Walker,1
Locked,2
Services,2
Funeral,4
Held,4
Christines,1
Dennis,1
Eleanor,1
Kowalski,2
A135,1
Neighbor,1
Students,8
Houghton,1
Vicky,1
Principal,3
Funds,5
Student,9
Expresses,1
Kimmell,2
Gets,1
Commandeering,1
Returning,3
Given,5
Help,5
Britains,1
Plea,1
Heavy,2
Havana,2
Arms,1
Anderson,1
Andersons,1
McNair,1
Report,2
M,2
Today,35
Emory,2
Urged,1
Teaching,5
Insofar,2
Corporate,1
Downtown,2
Gather,1
Charles,11
Fridays,1
Failure,3
Black,5
Raymond,4
Survivors,5
two,8
her,6
Patrolmen,1
Thomas,15
Slate,1
Georgias,3
Lowflying,1
Troopers,1
Bursts,1
Field,6
Acting,3
Juras,1
Secret,1
Taylor,2
three,1
Employes,2
Monte,1
Order,1
40,1
Tim,3
SpiceNice,1
Youngsters,2
National,8
Participants,1
gp,1
Advisors,1
Phil,33
Ann,7
Karen,2
Hillsboro,1
Attendance,3
Exhibition,1
Finalists,1
Results,8
Janet,1
Blue,8
Joan,3
Kathy,2
Tom,10
Swine,1
Carol,1
Millie,2
Barbara,4
Appeals,1
Thieves,1
four,1
Drawers,1
F,5
Sydney,3
Supt,1
Milton,4
Saul,2
Atty,1
Santas,1
Persons,3
Scores,2
Cranston,1
Public,7
Bernard,2
Birmingham,1
Eight,8
Neither,32
Asilomar,1
Vast,1
Buchheister,2
preservation,1
stronger,1
Seventeen,2
Fiedler,2
Squeezed,1
Using,12
Moments,1
Pilots,1
Elected,1
Elios,1
otherwise,5
therefore,7
Glimco,1
Connection,1
Jerome,1
Steins,1
Stein,2
Leavitt,2
Government,4
Curtis,1
Federal,6
Lien,1
Huffs,1
Huff,3
Charge,1
Bonn,1
Probably,20
it,115
Investors,4
Letters,3
Cable,1
Second,21
Foods,2
Theyve,8
Murray,2
Headquarters,4
Factories,1
HardwickeEtter,1
Presently,9
Factory,2
Gordin,1
Cotton,2
Registrations,1
Totaling,1
Patricia,2
David,10
Santa,1
Sprinkel,2
Thesis,1
Rather,19
Danger,1
Sacrifices,1
Draper,1
Analysts,1
Treasury,1
Trading,1
Volume,11
Creations,1
Peterson,1
Union,3
Gulfs,1
Due,2
70,1
75,2
80,1
85,1
Gains,1
Fairchild,1
Something,27
Answer,2
Doyle,1
Hayes,1
Perlman,1
Bad,3
C,7
Central,4
Increase,1
Expect,1
Look,22
Starts,1
Why,92
Leaders,1
Elburn,1
Gus,1
Though,63
Paradoxically,3
Fields,1
Seven,10
Farmers,4
in,47
Dealers,2
Tractor,1
Merritt,1
Nearly,7
Total,2
Agriculture,2
Price,3
Net,4
President,15
Charitable,1
Requests,3
Louisiana,1
Peace,5
Hiring,1
Possible,1
Colorado,1
Denver,3
April,3
Commerce,3
Adjusted,2
Greer,1
Harry,5
Occasionally,16
Therefore,48
Irene,1
Balenciaga,1
Reared,1
Honors,1
Tell,9
Chicken,1
Use,23
Salt,3
Dip,1
Bake,7
Add,9
Sprinkle,1
Serve,4
Contemporary,1
Called,5
Walnut,1
Rounded,1
Colorful,1
Design,2
Seethrough,1
Dignity,1
Center,1
Mellow,1
Invitations,1
Stagecoach,1
Ginghams,1
Decorating,1
bluebonnets,1
Committee,1
Serving,1
Lawrence,8
Mother,3
Foliage,3
Fall,4
Giving,3
Theres,36
Getting,6
Generally,13
Sometimes,54
Nobody,19
Advance,1
Published,3
Publisher,2
Stars,2
Joanne,1
Cynthia,1
Pasadena,1
Listed,2
Changes,3
Newcomers,3
Heres,9
Displayed,1
Measure,3
Make,20
Pulling,3
Todays,4
Housewives,1
Solid,6
Hotel,2
Kings,1
elsewhere,1
Andy,15
same,1
Maestros,1
Cafe,1
Terry,1
Spot,1
Latter,1
Bandstand,1
Herbert,1
Hubies,1
Louise,2
Vivacious,1
Mackey,1
Don,2
Steak,1
faces,1
Pualani,1
Billy,6
Bea,1
Murphy,1
hear,1
Fort,4
Performers,1
Jorge,1
Hollywood,1
Anyone,10
Jacksonville,1
Orlando,2
Plant,2
Subsequent,2
Is,64
Kern,1
Response,1
Dades,1
Enrique,1
Guest,1
pianists,1
that,58
Precise,2
Ohthepainofit,1
Irina,1
Hit,1
Alla,1
Vladilen,1
Konstantin,1
Evegeni,1
Mail,2
Sustaining,1
annual,1
Participating,1
Fire,2
Toys,2
Famed,1
Week,1
Producer,2
Put,9
Person,1
NBC,2
Gas,3
Check,13
Crunch,1
Dollar,1
High,9
Authenticated,1
Regional,1
Displaying,1
Transylvania,1
they,90
Gallery,1
Hurt,1
Family,7
Anticipated,1
Road,2
Premier,2
Preinaugural,1
Thus,165
Above,20
Attitude,1
Ideally,5
Developments,3
Deadlock,1
Initially,6
U,4
Beyond,14
Ambassador,2
Firm,1
Finally,58
Disapproval,1
Mollusks,1
Viewing,1
certainly,2
Official,3
American,12
Diocesan,1
Had,30
this,27
Commenting,2
Word,4
Expressions,1
Much,32
Adequate,1
Broadly,1
Religious,4
Competent,1
Or,81
Hypocrisy,1
Let,79
Accounting,2
Naturally,15
Uncle,6
Engaging,1
Quite,9
Human,3
but,155
Eighteenthcentury,1
Compare,2
Senator,2
for,45
Afterward,1
1,47
Hours,1
Through,26
Cutting,3
French,3
Political,3
Russian,2
Soviet,2
Considering,8
turmoil,1
Deadly,1
Caucusing,1
Equal,2
Reprisals,1
Said,16
Smith,1
News,3
Cannon,1
Sitting,3
Threat,2
Battle,1
Fair,3
Privately,3
Hopefully,1
Republicans,1
last,1
Nixon,1
Gary,1
Player,7
Afterwards,3
Half,8
Long,10
Unlike,9
Thereafter,4
Instant,1
or,28
Rosburg,1
Starting,6
Byron,4
Having,20
Pitchers,1
Experts,3
Whatever,22
Double,1
Always,7
Extend,2
Baseball,2
Roommates,1
as,16
Light,4
Benched,1
Send,2
Play,1
Idols,1
Mariss,2
Mantles,1
Appropriately,1
Into,6
Frankie,5
Little,12
Old,13
Lacking,6
South,4
Tooling,1
Has,7
Chaplin,1
G,3
Pittsburgh,1
Thompson,2
Break,2
Holmes,5
Charlayne,2
Negro,4
Catch,1
Out,30
Beadle,1
Ordinarily,2
rather,5
Third,9
Wellwishers,1
Twentyfour,3
Terror,1
Confusion,1
each,6
Lumumba,2
Vague,1
SecretaryGeneral,1
Control,4
Mobutu,1
ordered,1
urged,1
Main,1
Chen,1
Crime,1
Thirtyone,1
Salvador,1
Stalling,1
Jerry,1
Fred,4
Pfc,1
Fla,1
Tension,2
Take,20
Ambulances,1
Gilman,1
Simmons,1
Frogmarched,1
Congress,7
Taking,12
Debate,4
White,5
Food,5
Holders,1
Longterm,1
Higher,6
Result,1
Things,4
Traffic,6
Taxfree,1
Swelling,1
Indication,1
Costs,3
Slow,1
Success,6
Easier,1
Progress,4
Further,24
West,8
Already,16
Fiat,1
Olivetti,1
Important,4
Chief,7
Point,1
Idea,1
Japan,4
Hong,2
None,14
Gradual,1
Note,17
Special,5
Import,1
Whats,16
Steel,1
Virginia,3
Productivity,2
Welsh,1
Behind,12
Confronted,2
Nassau,1
Basic,7
Freeport,1
history,1
Levittown,1
while,5
Books,2
Schools,1
Workshops,1
consequently,3
Sample,3
Story,1
Librarians,1
Library,1
Education,3
if,34
Assembly,1
Longrange,2
Fortunately,16
League,1
Newspapermen,1
Cities,1
Coupling,1
Rusk,1
DeKalb,1
DeKalbs,1
Somewhere,11
Touring,1
Chin,1
Power,2
Confidence,1
Either,10
Patients,1
Assassination,1
Rafael,1
Trujillo,1
Unquestionably,2
El,2
Tardily,1
Thereupon,2
Trujillos,1
Start,12
Highspeed,1
Must,5
Remembering,3
Prairie,2
Thousands,2
Wooded,1
Grasslands,1
Whisky,1
Past,2
Simply,5
Registered,1
Casualties,1
Twice,8
Goodby,1
Sound,1
Woodrow,1
un,1
Thirteen,1
Does,27
Mass,2
Right,4
Otherwise,17
Featherbed,1
Additional,14
Meditations,1
Less,11
Pass,2
Whether,26
Monument,1
reaching,1
Too,26
Unanimity,1
Interama,1
progress,1
Problems,7
Chancellor,1
Inevitably,3
Moonfaced,1
Regardless,6
Better,7
Americans,3
According,28
5,22
6,17
Do,61
Falling,2
Closed,2
Outwardly,1
Matter,1
those,7
Craft,1
Walter,3
Engaged,1
Deterrent,1
Selfcriticism,1
Betting,1
forecasting,1
James,3
Cambodias,1
Bottom,1
Weeks,1
Recently,14
Februarys,1
Corroborating,1
Initial,2
Prosperity,2
Against,7
much,2
Anybody,2
Slackened,1
Carbondale,1
Politicsridden,1
Metropolitan,1
Granted,3
Responsibility,1
Congressman,2
Nowhere,6
ExPresidents,1
Queen,1
Economy,3
Competition,1
Mission,5
Communist,4
Lawmaking,1
Overriding,1
his,25
Borough,1
Highways,1
Enlargement,1
Interamerican,1
Freedom,3
Meeting,5
Letter,1
Occasional,5
O,4
Reason,1
Moss,1
Forgiveness,2
Jesus,9
Matthew,2
Gods,1
Till,2
Luke,1
Oh,30
Be,24
Jokes,1
Who,36
Imagine,6
Theirs,2
Walking,4
Hardly,7
Where,58
at,12
Alacrity,1
Arent,2
Desegregation,5
Hotels,1
Southern,6
Played,1
Failing,3
Youd,5
Obviously,27
Robby,1
Brooks,4
Robbys,1
Gentile,1
Dont,42
Richards,4
Triandos,1
Hank,5
total,1
Physical,4
Singlecolor,1
question,1
Seen,3
Possibly,3
Traditional,1
Chinese,2
Modern,12
California,3
Viewed,1
Contrarily,1
Carvey,2
Biggest,1
Hence,29
Shunted,1
note,2
state,1
Evidently,3
TASS,2
British,3
Whenever,13
See,18
Aug,1
Sing,1
Inmates,1
Wider,2
Specific,5
Recognition,1
7,12
Harold,7
IBM,1
Rembrandts,1
Apologies,1
Lucius,1
Beebe,2
Air,2
Kind,3
Undertaken,1
Bible,1
Clearer,1
Mostly,4
Originally,2
Discoveries,1
Prof,1
Sizzling,1
Softness,1
Styles,1
Heels,1
Wine,5
Stacked,1
Coolest,1
Orange,1
Contrast,1
Spectators,1
Designed,2
Flats,1
Turn,7
writes,5
Reply,5
no,10
Steam,1
Sewing,1
Brace,1
Cholesterol,2
Edison,1
Everything,18
Volumes,1
Hugh,1
Dover,1
Previous,2
Thanks,7
Newest,3
Decca,1
RCA,1
People,17
Actions,1
Remove,7
Substitute,1
Undergraduates,1
Usually,16
Bitterness,1
Middleaged,1
Enough,4
Republican,1
30,2
Errors,2
Smokers,1
Hopedfor,1
Politics,2
Say,3
Griffins,1
Ikes,1
Congressmen,1
Slogan,1
Your,26
Bostitch,1
Feelers,1
every,4
Rev,9
Bless,1
Words,2
Secondly,4
yet,16
Chicago,10
Questions,5
Evansville,1
Top,4
Short,1
Upon,18
Masaryk,1
Subsidies,1
Rising,1
CTA,1
Marketing,2
Independent,2
Judges,1
Minneapolis,3
Please,6
Engineering,1
Ironic,1
Copies,1
Congresswoman,1
Wilmette,1
Harmful,1
Downers,1
Toward,6
Providence,2
Issuing,1
to,62
Sir,14
Being,15
Escape,2
Supports,1
none,2
Taxing,1
Praises,1
Parkway,1
Twenty,7
Working,2
Military,7
war,2
Are,38
Lastly,2
Far,9
Civil,1
Pets,1
Sidewalk,1
Dissenting,1
Soviets,1
Recent,11
Probable,1
Berlin,1
France,1
Connally,1
Phone,1
Fairpriced,1
Hazel,1
Kiwanis,1
Reading,2
Southfield,1
Visitors,2
Jobs,2
Negligence,1
Drunken,1
Educate,1
Rude,1
Thank,5
Writers,3
Dunes,1
Ghost,1
Good,18
Will,22
Everyone,16
Especially,5
out,2
Russia,5
Intelligent,1
Belated,1
PS,1
Expressway,1
Bridges,2
Widen,1
Paint,2
Shadow,3
Replace,1
Fairmount,1
Starlings,1
not,12
Ashamed,1
America,8
Disputes,1
Escalation,2
Khrushchev,3
Morrison,1
Capable,2
Whole,3
Mark,7
Berlins,1
Tanks,1
Vacancy,1
Contemplating,1
Nikita,1
Suppose,21
Mongi,1
structurally,1
Friends,1
Heavily,1
Independence,1
Hanging,3
True,13
Nonetheless,3
Somehow,14
so,16
Shock,1
Longlived,1
Paulings,1
Resuming,1
one,14
Leaving,8
Unless,12
Ecumenical,1
when,10
Equally,3
Augustin,1
Furthermore,36
Antirecession,1
Ethics,1
introduction,1
Sessions,1
Chiang,1
Relative,2
Skill,1
Training,1
Morale,1
LeninismMarxism,1
Tibet,3
China,1
Red,11
right,1
Key,1
Broadway,1
Nowadays,2
Advise,1
Face,1
Clearly,9
Becket,1
Wildcat,1
Dry,1
Originals,1
most,5
OffBroadway,1
Laudably,1
Nightclubs,1
Customers,1
between,3
Small,9
Continuum,1
Jemela,1
Serene,1
Daughter,1
Marlene,1
Leila,1
Gloria,1
Schieles,1
Cried,4
Gradually,8
Drafted,1
Melancholy,1
there,37
Was,32
Molotov,1
Mikoyan,1
Eleven,2
Undismayed,1
Tenure,2
Loss,1
Referring,2
Frankly,2
Listen,2
Create,1
Mental,1
Taken,2
Mercenary,1
Suggest,1
Facing,2
Pope,4
Consider,20
Regency,1
Truly,1
Confrontation,1
Never,25
NC,1
Personally,5
my,6
Congratulations,2
NCs,1
Editors,3
Improper,1
Facts,1
Lester,2
Up,11
apparently,2
Alas,4
many,6
Snow,3
WatsonWatts,1
Representatives,1
Nonsense,2
Hindemiths,1
Bayreuth,1
Sawalisch,1
Rudolf,1
Remember,9
Allied,3
Shorter,1
Queried,1
Paintings,2
Abstractions,1
H,3
Anyway,8
Splendor,1
Larkin,1
Oneupmanship,1
Nikolai,1
Cherkasov,1
Directed,2
Splendid,1
Television,1
Cameras,1
Samples,2
Similarly,16
Nervousness,1
Technically,1
Complete,3
Directionality,1
Drums,1
Big,7
Strange,7
Francois,1
Brahms,1
Works,2
Standard,2
Haydns,1
Parts,1
Remaking,1
administrative,1
health,1
hospitals,1
food,1
logistics,1
airdrops,1
roads,1
Expected,1
Brooding,1
Lines,3
Tempos,1
Boys,4
indeed,6
settings,1
Wallace,1
Berman,1
Sparrowsize,1
Charlotte,1
Jen,1
all,11
LaGuardias,1
Loews,1
Dolores,4
Writing,3
you,11
Dulles,1
McCarthy,1
Suez,1
Low,2
Stalins,1
Did,25
Read,5
dashed,1
Recognizing,4
here,2
Plebian,1
Art,3
she,32
Susan,14
Rouben,1
Paul,1
Fortunate,1
Regina,1
Laura,6
with,3
Part,20
unfortunately,2
Eileen,7
stereo,4
Early,18
Latterday,1
Claude,1
Texts,1
Elegance,1
Baroque,1
Couperin,2
BAM,1
Sonates,1
JeanMarie,1
Rameaus,1
Maitres,1
Rococo,1
Ellie,1
Selections,1
Songs,1
Chabriers,2
Arlene,6
Benita,1
Sat,1
Mulligans,1
Jazz,5
Putting,3
Julie,2
Getz,1
Shearing,2
Divided,1
Hendricks,2
Tracing,1
Surprise,1
Demonstrating,1
Pony,1
Jimmy,2
Pianists,1
Rhythmic,1
Program,2
Choreographed,1
Eugene,6
Alfred,12
Igor,1
Deemed,1
second,3
Dorothy,1
Altogether,4
Norman,1
Turning,13
Rudy,1
Resourceful,1
Elaine,7
Told,2
Tenderly,1
Ring,1
211,1
Dutton,1
A5,1
Mij,1
Systematically,1
Man,14
perhaps,3
by,10
Arnolphe,1
Accordingly,19
Wisely,1
Tartuffe,1
Jouvet,1
of,18
Seigner,2
among,4
Hirschs,1
Hirsch,1
Django,2
Kid,2
Cedric,1
Julian,1
Wellman,1
Mischa,1
like,4
Anthony,1
Alexandre,1
Yuri,1
Sergei,1
an,4
Vadim,1
how,5
Calm,1
Efficiency,2
Pressures,1
Throughout,19
Nostalgia,1
Sharing,1
Radio,8
Lower,2
Advertisers,2
Stations,1
Futhermore,1
Sponsor,2
rhythmandblues,1
Advertising,2
Presentation,1
Staged,1
Few,17
Sloan,1
Significant,1
Supplementing,1
Herr,3
Volker,1
Expands,1
Professor,4
Protons,1
Fleeting,1
Highly,1
Seeming,2
Beatie,1
Shakespeare,6
Joseph,5
Beatrice,1
Replied,2
Eldon,1
Elisabeth,1
Schwarzkopf,1
Clever,1
Alvin,1
Maria,3
tulips,1
after,10
Beauty,2
Nice,4
WBAI,2
Yesterday,3
Which,13
good,2
Titled,1
Spectacular,1
Jack,10
Below,12
Nature,1
Late,3
Ontarios,1
Vermonts,2
Middle,1
Farther,2
Southeast,1
Midwest,1
Michigan,2
Illinois,1
Americana,1
pleasure,1
Longwood,1
clock,1
Carson,1
Franny,1
Althea,1
Virgilia,1
Dark,2
Rural,1
Rachel,22
Subtitled,1
Dance,2
Russians,1
Leningrads,1
Festivals,1
across,1
Movies,1
Purple,1
Records,3
Norma,1
Callas,1
Jeremiah,1
Waterways,1
Boating,2
west,1
Pleasure,2
Shore,1
Inland,1
Gulf,2
Hurricane,1
Sailing,1
Off,5
Memphis,1
River,1
Marinas,1
tva,1
Ten,12
today,5
Clerfayt,4
Unhappily,1
Between,11
Hazards,1
Racedrivers,1
about,2
Montgomery,3
Major,2
Whoever,8
Refrigeration,1
Fads,1
Grocery,1
Pursuing,2
Keyss,1
Vitamins,1
Readings,1
Obesity,1
Puritan,1
Says,6
Morals,1
Physiologically,1
Physiologist,1
Keys,1
Scientists,6
Explains,1
Eventually,9
Fats,1
Saturated,1
Monounsaturated,1
Demons,1
Science,4
Aside,9
Spirit,1
Think,3
Surely,7
Mythological,1
Expressed,1
Whereas,9
Representing,2
being,1
Intercede,1
Catholic,2
English,2
news,1
Christianity,1
Christ,3
Irenaeus,2
Adam,12
Existence,1
Historical,2
Wherefore,2
Mans,2
Death,3
Ezra,1
Grant,2
Happily,1
whereupon,1
Parker,11
Emerson,4
Opinion,1
Channing,1
Reproach,1
Doubts,1
Test,4
Looking,8
Resting,1
Satellites,1
what,5
Cape,1
Delinquency,1
Gaining,1
only,15
16,1
Accept,1
whom,3
12,5
10,6
Watch,3
Isnt,6
Hitler,1
Practically,6
Notice,4
Shall,8
Salvation,2
Scholars,1
Yin,1
Heaven,2
Together,6
taking,1
Neglect,1
Preparation,7
churches,1
B,8
Following,16
Fourth,5
Have,35
Urge,1
Select,1
Conduct,1
8,7
9,5
Assign,1
Invite,2
11,2
Reception,1
Psychologically,1
Provide,2
Outline,1
Arrange,1
Sponsors,1
Introduce,1
Lead,2
Chapter,12
everyone,3
Studies,4
new,5
Men,17
Care,2
Massacres,1
Institutions,1
Interfaith,2
Approached,1
Emerging,1
Colonialism,1
Nationalism,1
Africans,1
Ironically,3
neither,2
Theocracy,1
Pakistan,1
Comparable,2
Leslie,1
Newbiggins,1
Presumably,6
Toynbee,1
Hope,5
Professional,1
Judgments,1
Realtors,3
Data,5
Often,20
Significantly,2
Relevant,1
Discussion,5
antidiscriminatory,1
Judicial,1
Racial,1
Religion,16
Atomic,3
Hydrogen,1
water,2
then,20
Someone,16
Harmony,2
Reform,1
Quakers,1
Benjamin,1
Garrison,1
Chiefly,1
Incurably,1
Finney,1
Theodore,1
Weld,2
Wendell,2
Individuals,1
Royal,1
Proper,3
Living,5
Basing,1
Mahayana,2
Nonmagical,1
Confucianism,1
Propriety,1
Promoters,2
Proponents,2
Zen,1
Reality,1
Exponents,1
Holiness,1
Hebrews,1
Romans,2
Ephesians,4
Amen,3
Evidences,1
Cf,1
Philippians,1
Galatians,2
behold,1
Colossians,1
God,14
20,1
others,7
Fifteen,5
sometimes,4
Compared,2
Len,2
Visualize,1
Hundreds,3
Bedridden,1
Irving,1
Searching,1
Glenn,1
Around,4
Sidney,1
Catherine,1
Starr,1
Arthur,6
Rose,2
Serious,3
Sharp,1
May,6
Rumors,2
Diario,1
Castros,1
Economic,4
Farm,1
Paredon,1
whaddya,1
Undoubtedly,7
JeanPaul,1
Yesiree,1
Seeing,11
Henri,1
SuperSet,1
Physique,1
Rarer,1
Definition,3
Used,1
Really,4
grasp,1
extend,1
Squatstyle,1
Pansies,4
theyd,1
Ants,1
lacking,1
now,5
its,11
Try,12
Pick,1
Natures,1
Go,8
Treat,3
Nutritious,1
Avocados,1
Calcium,3
Nuclear,4
ICBMs,1
Missiles,2
Placing,1
Survivability,1
War,1
Forces,2
Aircraft,1
Eliminate,1
Build,1
Large,7
SAMOS,1
Preattack,1
Artur,1
Certain,8
Schnabels,1
Aeschbachers,1
Helmut,1
Telefunken,1
Commands,2
Command,1
Steinberg,4
Fortysix,2
Dogs,2
Aids,5
hands,1
legs,1
Westminster,1
Anne,10
Juniors,2
International,5
Betty,2
Entries,2
Percy,1
Judging,1
Superintendents,1
Traveling,2
Comes,1
Boats,3
Developed,1
Providing,3
Boatmen,1
Arriving,3
Boat,1
Designers,2
Marine,1
Terms,2
Outboard,1
Come,11
must,1
Laws,1
Fees,1
Ignorance,2
lack,1
Hand,4
Foreseeing,1
Industry,5
Currently,2
Yachtel,1
Boatel,1
Boatyards,1
Close,3
Interlocking,1
Figs,2
Derails,1
Frame,1
Compress,1
Solder,2
Cap,4
Tacksolder,1
Position,3
Placement,2
Drill,9
Tap,2
Dress,1
Number,1
Cut,11
Locate,2
Tappets,1
Drawfile,2
Scribe,3
Tend,1
Repeat,1
Fitting,1
Bar,1
Fig,2
Centerpunch,1
File,2
Endeavor,1
Assemble,1
Math,1
Hot,6
Equations,1
Numbers,4
Addition,1
Multiplication,1
Charts,1
Shortening,1
Rodding,1
Engine,1
Displacement,1
Factors,3
Pi,1
Multiplying,1
Dimensions,2
Compression,2
Cylinder,2
Compute,1
Applying,2
Gear,1
MPH,1
Tire,1
Kimberly,1
Laguerre,3
Monel,2
Stardel,1
Fury,5
Trackdown,1
Thor,1
Gamecock,1
Hustler,1
Torrid,2
Strongheart,1
Blistered,1
Justine,1
Hoopla,1
on,5
Marquis,1
Majestic,1
Staley,1
Step,1
Bonnie,1
Hickory,3
Buxton,1
Fabers,2
Brief,3
Lena,1
Martha,4
Checkit,1
Charm,1
Custom,1
Jacky,1
Bordner,1
Invercalt,1
Duffy,1
Knightfall,1
Trader,2
Iosola,1
Prompt,1
Rain,2
Lorena,1
Prudent,1
Premium,1
Isaac,3
Caper,1
Lucky,1
Riverboat,1
Cathy,2
Armbro,1
Flick,1
Del,1
Workouts,1
Eddie,9
Tiger,1
Sherwood,1
Carter,1
Tanker,1
Stormy,1
Mocking,1
Victory,2
hes,1
Youve,15
Ruger,2
these,6
Remington,1
rimfires,2
Hunting,1
Barrel,1
Shotguntype,1
Stock,3
Colts,1
have,1
Previously,3
auto,2
Magnum,2
Marlin,1
rimfire,1
shotshells,1
Beginners,1
Marlins,1
singleshot,1
Shotguns,1
Firearms,1
Mossbergs,1
Handguns,1
Jet,1
Livery,1
Coaching,2
Breakfast,2
Gazing,2
Vernon,5
Vernons,1
Oyster,1
Antoines,1
departing,1
Club,1
Flake,1
Heat,5
Native,1
omelet,1
Fry,1
Sherry,1
Promptly,3
inns,1
Acorns,1
Wrights,2
put,1
Contribute,1
Vineyards,1
Dwellers,1
peel,1
Poach,1
Set,4
birthplace,1
lovely,1
North,2
Return,2
Photographing,1
Pictures,4
Photos,3
Flash,1
Lookout,1
Vicksburg,1
Richmond,3
Petersburg,1
Florida,1
Silver,1
Gatlinburg,1
Beautiful,1
Picturing,1
Exposure,2
Singing,2
Peak,1
Lake,1
Wisconsin,1
Minnesota,1
Itasca,1
Mementoes,1
Night,2
Fantastic,1
Colorados,1
Built,1
Founded,2
Rich,2
Easy,1
Directly,4
Across,8
Passing,3
Erected,1
Inside,11
Beneath,3
Outside,19
Statues,1
Near,7
Magnificent,1
Retracing,1
Going,5
Keep,12
Clean,4
Sear,1
Limit,1
fruit,1
long,1
heavy,1
Made,2
Oilcloth,1
Tougher,1
lots,1
Summertime,1
Get,10
Decide,2
Eat,1
maybe,1
Simple,5
spice,1
Threaded,1
Sure,6
Discovery,2
Years,7
Bring,2
Broil,1
Contrary,6
Jiffy,1
Combine,3
heat,2
Makes,5
Canned,1
sweetsour,1
Mustard,2
Spear,1
Sweetsour,1
Simmer,2
Fold,1
Trimyourownfranks,1
Chili,1
Coney,1
add,2
Savory,1
Barbecued,1
Prick,1
place,3
Cover,2
simmer,1
Pretend,1
Stick,1
Roast,1
Frankfurter,1
Blend,1
Knead,1
Spread,4
Twist,1
Brush,1
Serves,1
Hamburger,1
form,1
Directions,1
Instructions,2
Wooden,1
Materials,3
Ceramic,1
Stoneware,1
Glazes,1
General,14
Pressing,3
Roll,2
experiment,1
Trim,4
Allow,2
gently,1
Slight,2
Study,2
Leave,3
Rectangular,1
Clay,1
Glazed,1
Decorated,1
raised,1
Tiles,1
Round,1
Bisque,4
Stained,2
Opaque,1
Paperweight,2
Mold,1
Unglazed,1
Jars,2
Fill,1
Measurements,5
Pattern,2
pattern,1
Line,2
Bevel,1
use,4
Join,2
Press,4
Score,6
score,1
press,2
Glaze,2
Construct,1
Recess,1
Sugar,1
bevel,1
Form,1
reinforce,1
Handle,2
Bend,1
Vases,2
Napkin,1
join,1
Fired,1
Changing,3
Photograph,1
Measuring,1
Backstitching,1
Pin,1
Thread,2
Run,1
backstitch,1
Ease,1
Backstitch,1
Weaving,1
Straight,1
Hold,3
Hotei,1
Menfolk,1
Needless,6
Draw,2
Oneinch,1
Glue,1
Fairing,1
Plank,1
Lay,1
Fiberglas,1
Bottoms,1
Lightweight,1
Available,3
Wall,1
swampy,1
Bear,1
Setup,1
wiping,1
Presses,1
Belt,1
excess,1
Feeds,2
Feed,4
Common,2
Fly,1
Timothy,4
whose,1
Information,6
Sturdy,1
Colonel,2
Completed,1
Reverend,5
Centering,1
Coping,1
Naive,1
Lifepreservers,1
Preserving,3
Safety,1
Diving,1
Soignee,1
Follow,4
Heart,1
Housekeeping,1
Clothes,1
Manufacturers,1
Separate,3
Families,4
Cooling,1
Coolers,1
Reducing,1
Moneysaving,1
Attention,2
Shade,1
Drawn,2
Restrict,1
Insulate,1
Keeping,3
Avoid,2
Begin,1
Inspect,1
Quality,2
Frontage,1
Water,6
Fishing,1
Animals,3
Clams,1
Park,1
size,1
Areas,1
Acreage,1
Shape,1
Adjoining,1
Topography,2
Determine,15
Figure,8
Plants,1
Lack,1
Improvements,1
Prokofieffs,2
Prokofieff,4
Need,5
Meager,1
Stravinsky,1
time,3
symphony,1
choruses,1
soloists,1
recordings,1
broadcastings,1
television,1
large,1
Roy,3
Mason,2
color,1
Inspiring,1
instructive,1
duplicable,1
Trial,1
Eighty,1
Russias,1
Wellstretched,1
School,3
Dancers,1
Arm,1
Pushups,2
Push,1
Handstands,2
Drop,1
Bare,1
Backbends,1
Arch,1
Straighten,1
Improvement,2
Somersaults,1
some,8
Electronics,1
Commonly,1
Ultraviolet,1
Different,4
Breathing,1
Heartmeasuring,1
Sonar,2
thus,4
Outputs,1
Radiotransmitter,1
Battery,1
Applications,1
Bones,1
Based,3
Drs,1
Arteries,1
Oersteds,2
Oldenburgs,1
Ferment,1
Hans,11
Oersted,3
Ritter,4
Manthey,1
Eager,1
Esmarch,1
Electrical,2
Beccaria,1
Knowing,2
drugs,1
Oxytetracycline,1
Increases,3
Milk,3
Calves,1
Beef,1
Sheep,4
Drugs,15
Chlortetracycline,1
Prevention,2
Treatment,3
Dairy,1
Dynafac,1
Feeder,1
Diethylstilbestrol,1
Include,2
Caution,5
Discontinue,1
Hydroxazine,1
Improves,2
Iodinated,1
Drug,2
Fed,1
Cows,4
Bacterial,1
Greatest,2
Ronnel,1
Effectively,1
Methyl,1
Phenothiazine,1
Reduces,1
beef,1
treat,1
Continuous,3
Procaine,1
Sodium,1
Sulfaquinoxaline,1
Helps,1
Dried,2
Stimulates,1
Incorporated,1
Prevents,1
Promazine,1
Additive,1
Selecting,2
Fenceline,1
Filling,1
Allweather,1
Companies,1
greater,1
Frequently,6
Increased,4
Average,2
Greater,1
Geographic,1
Market,1
more,4
Display,1
Salesmanship,1
Computers,1
Distribution,2
Technical,3
who,2
shortage,1
Shortage,1
Complexity,1
Solutions,1
Furnishes,1
Consultation,2
Participation,2
Considerable,2
Insurance,2
Holidays,2
Recreation,1
Transportation,2
Paid,1
Retirement,2
Medical,2
Unions,1
Aim,1
Communications,1
Encourage,1
Hallmark,1
Coffee,2
Vending,1
Choose,2
Workers,1
Require,1
Eating,2
Latest,1
Vacations,1
Sporting,1
Present,6
Unlimited,1
SAAMIs,2
Personnel,2
Teen,1
Camping,2
Harassed,1
Camp,1
forcing,1
usually,2
Consultant,1
Consulting,3
Senior,3
Westinghouse,1
Approximately,6
Promotion,1
Staff,1
Publicity,2
Salaries,1
Operations,2
Fundamental,2
Sixty,3
Vicepresident,1
TriState,1
Pitch,2
Dow,1
Spring,3
Duplicate,1
Discounts,1
Evidence,3
Aggregate,1
Plastics,2
Plastic,2
Shipping,1
Vacuum,1
Predecoration,1
Internal,3
during,4
Advances,1
Sheeting,1
Cellulose,1
Thermoforming,1
Transilluminated,2
Spare,1
Panels,1
Signs,2
Comprised,1
Sixteen,2
Changeable,1
Poster,1
Ideal,1
Stainless,1
Finished,1
Joined,1
position,1
Finish,2
Install,1
Truck,1
Lumber,1
later,2
Restudy,1
Builder,1
Green,2
dry,1
Rental,1
Rates,2
Leasing,1
Conclusions,1
Smiths,1
Linguistic,1
Interpretation,1
aside,1
Immediately,6
Interestingly,3
almost,2
Stammering,1
therapist,1
Influential,1
Bari,2
Secrecy,1
Capt,2
Telephone,5
Vesole,2
Ensign,2
Richardson,3
Lieutenant,3
Deck,1
Damned,1
Captain,7
Musmanno,2
Stop,3
Unsinkable,1
Merchant,2
Norton,2
Bishop,1
Luckily,2
Rudyard,1
Freud,1
Dreams,2
Skeptics,1
whereas,2
Hereby,1
Space,4
Consciousness,1
Chauncey,1
Situated,1
Improved,1
Sniffing,1
Homemade,3
Surrounding,1
Bodybuilding,1
Salads,1
Vegetables,1
Sprouted,1
Lots,2
Hens,1
Organ,1
Apples,1
Oranges,1
Finding,5
Wheatgerm,1
Raw,1
Drinking,1
pitchers,1
Wholesome,1
Maple,2
Candy,1
Nourishing,1
Soup,2
Outdoor,1
Rugged,1
Healthier,1
Buffeted,1
Wires,1
Clerks,1
Burlington,1
Anticipating,1
Down,4
Tall,2
Piloting,1
Publicspirited,1
Became,1
Concord,1
Plane,2
Tracks,1
Compulsory,1
Sixtyfive,2
never,1
your,2
Conferences,1
Lets,18
Believe,1
Find,4
Hows,4
Ever,8
Travel,4
Joking,2
Privacy,1
Extreme,2
Gynecologists,1
Folklore,4
Extensive,3
Lockerroom,1
Ruthlessness,1
Differences,1
Attempts,2
Caught,1
Hemmed,1
theyre,1
Society,1
Wives,1
Virtually,1
Left,2
Circumstances,2
Marriage,1
Houston,2
Diane,4
Clad,1
Id,22
Smarter,1
Discreet,1
Pulley,2
Tewfik,1
Newspapers,1
McClellan,1
Franklin,2
Continuing,4
Authorities,3
Sarah,6
Multiply,2
Typically,3
Doris,1
Carroll,2
Tenyearold,1
Tooth,2
occlusion,1
Malocclusion,2
Crooked,1
Front,1
Upper,1
Correction,1
Badly,1
Orthodontic,1
Abnormal,1
Susies,1
Susie,1
Straightening,2
Aligning,1
growth,1
Superior,1
Plaster,1
Conversely,5
Methods,2
Mediumistic,1
Impressions,1
taken,1
Farming,1
Livestock,1
such,7
Hard,1
Production,7
Drought,1
Sickness,1
Returns,3
Land,8
Parttime,3
Advantages,1
Caring,1
List,2
Discussed,1
Location,2
nearness,1
Nearness,1
Facilities,2
Pond,1
Soil,2
Buying,1
Estimate,1
Counsel,3
Interruptions,1
Shout,1
Heydrich,1
whether,3
Ought,1
Eichmann,1
clinging,1
once,4
Wasnt,7
Catholics,2
Believing,2
Denouncing,1
Repeated,3
Conscience,1
Historians,3
Hudson,7
Ahead,3
Worse,2
Philip,2
Hudsons,2
Greene,1
Poor,10
Floating,1
Fog,1
Turbulent,1
Patiently,1
Feverishly,1
Juet,2
Hands,1
Cook,2
Michael,1
Selkirk,1
Activity,1
Hercules,1
Bailly,1
Observing,2
Alexander,9
Yanks,1
Humor,1
Save,2
Scarcity,1
Rebs,1
Unmarried,1
Owing,1
Alf,1
Initiation,1
Went,1
Thay,1
Anyones,1
Parson,1
Abraham,1
Related,4
Enthusiastically,1
Anthropologists,1
Fundamentally,1
Dominated,1
Publishers,1
Stephen,2
OBanion,5
Landesco,1
OBanions,3
Pasley,1
Tsunami,2
Lagranges,1
Reefs,1
Japanese,2
Gratified,1
nothing,3
Life,6
Earthquakes,2
often,2
Superstition,1
Knowledge,2
Bursting,2
Garryowen,1
Wiry,1
Chandler,5
Sergeant,3
Maneuvers,1
Burst,1
Enemy,1
Marvin,1
Goulding,1
Gouldings,1
Reinforcements,1
Artillery,1
Brevet,1
Assumption,3
Proximate,1
Justice,1
Overwhelming,1
Prestige,2
Fearful,1
Laos,1
Cambodia,1
Ceylon,1
Latin,1
Opportunities,1
Amid,2
Gunfire,1
Mortars,1
faith,1
Shy,2
Boun,2
Prime,1
Crossing,1
Briefly,1
Strings,1
Jewish,1
Intermarriage,1
Brooklyn,4
Bruises,2
Tobacco,2
Veronica,1
Tetanus,1
Rabies,1
Nosebleed,1
Blood,5
Felons,1
Insect,2
Yellow,2
Chiggers,1
Bathing,1
Ant,1
mud,1
Bedbugs,1
Bed,1
Kerosene,1
Shingles,1
Itching,1
Winter,1
Frostbite,1
Chilblains,1
Boils,1
Saliva,1
wetting,1
another,7
Sore,1
sore,1
Leg,1
Pains,1
especially,1
Fat,3
Seasonal,1
Prolonged,1
Overchilling,1
very,1
Decanting,1
Giffen,9
Gorham,1
Palfrey,8
Palfreys,2
Slavery,1
AmbassadoratLarge,1
McNamara,1
Postmaster,2
Walton,4
Udall,2
Spokesmen,1
Hoping,1
eleven,1
Active,3
Womans,1
Logically,2
Surrounded,2
Dean,6
Dartmouth,4
Dartmouths,1
Forty,3
Eleazar,2
Lizzie,2
Morses,2
Questioned,1
Bridget,2
Morse,3
Bridgets,1
Fleet,1
Kirby,1
Lucy,10
Mathematics,1
Lecky,1
Lucys,1
Winslow,3
Rockefeller,1
walks,1
Quiet,1
Formally,1
Adult,1
Statistically,2
Vocational,3
Located,1
Soybeans,1
Soybean,1
Peanuts,1
Blanched,1
Cereal,4
Seeds,6
Oils,1
Palm,1
Castor,1
Almond,1
Liquid,1
Sizable,1
Corn,1
Starch,1
Gums,1
Watersoluble,1
Guar,1
Quince,1
Locust,1
Almonds,1
Chestnuts,1
Coconuts,1
World,3
Exports,1
Bead,1
Victorian,1
Handmade,1
Tradition,1
Flaxseed,1
Peanut,1
Singleseeded,1
Sesame,2
Beverages,1
Per,1
Cocoa,1
Arrack,1
Beer,2
Brewers,1
Distillers,1
Seed,1
Hay,1
Cattle,7
Drifts,2
Followin,1
Them,2
Hereford,1
Shippin,1
Listenin,1
Rarely,1
Seizin,1
Rammin,1
Colors,2
Countin,1
21,2
Kearton,5
Hyena,1
Ulyate,4
Careful,1
Intuition,1
Lighting,4
Loveless,1
Means,6
Tossing,1
Divergent,1
Likewise,5
Desiring,1
Gahn,1
Babe,2
Lou,1
Ruth,2
Women,3
Hypothesizing,1
Erikson,3
Experience,4
inculcated,1
Childhood,1
Sex,2
Adolescents,1
Inventors,1
Hanch,1
Anxious,1
Continue,2
Retrace,1
Oleanders,1
Twentytwo,1
Andrea,1
Wander,1
Climb,1
Stand,1
Opposite,3
Michelangelo,5
Opera,2
Giovanni,1
Walk,3
Standing,4
Horse,2
Rare,1
which,3
Negroes,4
Northerners,2
Thirdly,1
Historically,5
Southerners,1
Stevensons,1
Stevenson,1
Wherever,3
Color,1
Movement,1
Motionpicture,1
end,2
Narrative,1
Melies,1
Physically,2
Linking,1
Overnight,2
Staggeringly,1
congregational,1
moreover,2
actually,1
theologians,1
Evangelism,1
association,1
Churches,1
economic,1
nonetheless,1
Consumer,1
Traders,1
Protests,1
Mobile,3
Dependent,1
Concessionaires,1
Engages,1
Regulations,1
De,4
Diron,1
Venturesome,1
Bienville,2
Perier,3
Periers,2
DArtaguette,1
Thenceforth,1
Company,1
Businessmen,2
Tampering,1
embassy,1
Diplomats,1
Rooney,1
Fretting,1
Menshikov,1
Speeches,1
Toasting,1
Newspaper,2
Rumor,2
Spiritual,1
Gambling,1
Kyoto,2
Nara,1
Hiroshima,1
Tokyo,1
Masu,2
Graduates,1
Masus,1
University,1
Northern,1
since,3
Times,2
Accounts,2
Belief,1
Social,7
Ratified,1
Thirty,3
less,1
Handsoff,1
Reduced,2
External,4
Reference,1
Complementing,1
Austins,1
Highlevel,1
Accidental,1
Unanimously,1
BMEWS,1
Telephones,1
Alternate,1
Multiple,1
Vital,1
Officers,1
NATO,1
Movable,1
Wisman,2
Watching,2
seeing,1
Ones,2
Idje,2
Isfahan,1
from,5
Crowds,2
dervishes,1
students,1
Poetry,3
Die,1
Bruckners,1
countered,1
Incapable,1
Strong,6
Eldest,1
Author,1
Commanding,1
Retiring,1
Ardent,1
Madison,1
Hamilton,2
Talleyrand,1
Nostalgic,1
according,1
Truman,1
Presenting,1
recently,1
Westbrook,1
Willard,1
Faulkner,5
Musicians,1
Avantgarde,1
Midi,1
Alwin,1
Unconcerned,2
Movements,1
Chance,1
nearby,1
Events,1
Dictionaries,1
Confederate,1
Lincoln,5
Consitutional,1
Lucretius,1
Solar,1
procedures,1
Becketts,2
Unruly,1
own,1
Plays,1
Didi,1
Hamms,1
Irish,1
Lunch,1
Hemingways,1
Righteous,1
let,2
Monogamy,1
Boredom,1
Nymphomaniacs,1
Carried,1
Alley,1
Side,1
front,1
Square,2
ripe,1
hotcolored,1
snowballs,1
hollyhock,1
Flowers,1
Pale,1
seedpods,1
redandyellow,1
morningglory,1
bright,2
Fuzzy,1
Dead,2
Squatting,2
even,9
our,3
Sleepily,1
Lautner,1
beyond,1
Love,4
Professionally,1
also,5
Piepsam,4
Piepsams,1
Hieronymus,1
Presupposed,1
Aristotle,1
Artistic,1
Mimesis,2
Primary,2
Gone,3
Whitehead,2
Prohibition,1
Calhoun,2
Complicity,1
Pay,1
Heidenstam,3
Deciding,1
strongly,1
Strindbergs,1
Heidenstams,1
Somewhat,4
Slowly,7
Excellent,1
Admirably,1
Gustaf,1
Sherlock,2
Driven,1
Watsons,1
Linked,1
Hercule,1
Poirot,1
Wolfe,1
Beaten,2
virtue,1
Perry,1
Dashiell,2
Networks,1
are,1
Lubell,1
Adlai,1
Father,1
Properly,2
best,1
corporations,2
Businesses,1
Socialism,1
Examples,6
Proprietorship,1
Avoiding,1
Corporations,3
Proprietorships,3
Strikes,2
Demagogues,1
Seemingly,2
Criminals,1
Merely,2
Ideas,4
Shakespeares,2
Harris,3
Studying,2
False,1
Children,6
Helen,1
Assuredly,1
Thinking,5
Drifting,2
Lincolns,1
Voegelin,1
Relativism,1
Precisely,1
Civilization,2
Unanalyzed,1
anxiety,1
Weil,1
Reactionary,1
Incest,1
Ortegas,1
Moral,1
Mann,1
Grigorss,5
Sibylla,1
Helion,4
Exhibited,1
Abstract,2
Marquet,1
Finot,1
Moineau,1
Duclos,3
Shedding,1
Riding,1
Arp,1
Faulkners,3
Simms,1
Augustus,1
Johnson,6
nor,4
Thorpe,1
Shocked,2
Copernicus,5
Ships,2
approaching,1
Earth,1
Circular,2
Perfect,2
Pure,1
Bluntly,1
Ptolemys,1
Ptolemy,1
Calculations,1
Analogously,1
Solving,1
1543,1
Geocentricism,1
Henriettas,1
Henrietta,8
Adler,1
1880s,1
Bertha,2
Sadie,2
played,1
Adele,1
Olgivanna,1
Reporters,1
Flocks,1
Cloud,1
Miriam,7
Wright,1
Helpless,1
Instinctively,3
Yours,1
Schopenhauer,1
Sandburg,1
Segovia,1
Carl,10
Lloyd,1
Lewis,11
Lilian,1
Paulas,1
Paula,3
Socialist,1
Victor,3
Growing,2
Respecting,1
Free,1
satellite,1
Fifth,2
Suggested,2
1960,2
Hammarskjolds,1
Grosss,1
Ernest,2
Gross,10
Supposing,1
BangJensen,3
Hammarskjold,2
Peter,4
Skipping,1
Born,1
Baptists,1
see,2
Relieved,1
Running,2
Harriet,1
Harriets,1
Cautiously,2
Cruel,1
Unspeakable,1
Steele,5
Swift,1
Hanoverian,1
Steeles,2
Treasonable,1
Oxford,1
Defoe,1
both,2
Mercer,16
Everett,1
Entrance,1
Mercers,2
Arlen,2
therell,1
Thoroughly,2
Robbie,2
Runyon,1
Watson,26
Alone,3
Mama,16
Backstairs,1
Dresses,1
Rob,3
Impressive,1
Diversity,1
diversity,1
Conventional,2
predispositions,1
Predispositions,1
Comprehensive,1
claims,1
selfdiscovery,1
Literature,1
Feeling,4
FSC,1
Sensibility,1
Solomon,2
Outstanding,1
Understanding,2
regarded,1
Hegels,1
Hearsts,1
Lane,1
Hearst,6
Hatred,1
Roosevelt,2
Inherently,1
Platoons,1
Koenigsberg,1
Trevelyans,3
Trevelyan,5
Associated,1
Nineteenthcentury,1
Characteristically,1
Tolerance,1
Blenheim,1
Ramillies,1
Alarmed,1
Sighting,1
Esther,3
Sherman,8
Slocum,1
Proposals,2
Rifle,2
Orders,3
Johnston,1
Rank,2
Merited,1
Katherine,2
Katie,3
Meynell,1
Whose,1
Reid,1
Meynells,1
Reviewing,1
Thence,1
Catherines,1
Potemkin,2
along,1
Potemkins,1
Repnin,1
England,2
Filigreed,1
Age,1
Current,2
Woe,1
Suvorovs,1
better,1
Despising,1
Underneath,4
Suvorov,2
broad,1
broader,1
Mando,1
Deppy,1
Greek,5
Uh,1
Nearby,2
Gun,11
Athenian,1
Office,1
Bedtime,1
Gaunt,1
Greece,1
Pikes,1
Pike,2
Outraged,1
Woodruff,5
Preoccupied,1
Woodruffs,1
Onearmed,1
Edward,2
Nathaniel,1
wept,1
Gorton,12
Roger,2
Master,2
Pomham,1
Papa,5
Beloved,1
35,1
Deity,1
Schweitzer,1
Respect,2
Wonder,2
Criticism,1
Plato,4
Poets,1
Platos,1
Aristotles,1
Gosson,1
Aroused,1
hence,4
Occupational,1
Detached,1
Avowed,1
Kluckhohn,1
Morgan,17
Nathanael,1
Peters,1
Meantime,2
Ford,1
Nogaret,1
Boniface,2
Loyal,1
Amadee,1
Tessie,2
Meltzer,3
Solemnly,1
Speak,2
Banks,3
Lilly,2
childishness,1
Karl,2
Placenames,1
Diplomatic,1
Largely,1
HL,1
WadeEvans,1
namely,2
Baker,6
Wood,1
Democratic,2
Democrat,1
six,2
Fosdick,3
Affirmatively,1
Elsinore,1
Oedipus,2
Mortality,1
Tragedy,1
Agamemnon,1
Princes,1
Heretofore,1
Classic,1
Concepts,1
Rousseaus,1
Goethe,3
Faust,1
Sturley,4
Greville,1
Allso,1
Sturleys,1
Adrian,1
Yff,1
Stratfords,1
Accompanied,1
Quiney,1
Lady,2
Unconsciously,1
Adams,4
Impartiality,1
Ranke,1
Doctrine,1
Stephens,1
Catherwood,1
Victors,1
Sedgwick,1
SK,1
Harcourt,1
Blackman,5
Woodward,2
L,1
Lewiss,1
Earl,1
Venn,2
Manningham,1
Christs,1
Miltons,1
Recapitulation,1
Ball,1
Graceful,1
Aubreys,1
Childhoods,1
Mankind,1
Ray,3
Frederick,2
Clifford,1
Easily,1
soyaburgers,1
Stigmata,1
Youth,2
age,1
Serenity,1
Apropos,1
Cynical,1
Blasphemous,1
Seems,3
Punishment,1
Andre,1
Malraux,2
Awkwardly,2
Trains,1
Citing,2
Conceived,1
History,2
Constitutions,1
Rexroth,4
Patchens,1
Patchen,5
Angry,3
Cant,10
Lord,7
Krims,3
Closely,3
Krim,3
Commentary,1
fear,1
Qui,1
Sociological,1
Screwed,1
over,1
Partisan,1
Literary,1
Bertos,1
Berto,2
Rimanelli,1
Object,1
Gossip,1
Were,12
Contact,6
Printed,4
Practical,2
SBA,9
Oneday,1
Product,1
Guidance,1
processing,1
product,1
Advice,1
Property,1
Proposed,2
Section,9
Purpose,2
Detroit,2
Los,3
Branch,2
Developing,1
Loans,2
Loan,2
Types,2
Direct,6
Credit,1
Eligibility,1
Interest,6
Minerals,1
Requirements,1
Repayment,1
surveying,1
designing,1
Encouraging,2
Open,3
fiscal,1
Governments,1
E,4
Development,1
Dams,1
Remarks,5
Speaker,1
Origin,2
Cars,3
Purchase,2
Unit,2
Vehicle,2
Meaningful,1
Unsuccessful,1
Automobile,1
Fortyseven,1
States,2
Twentysix,1
Nineteen,1
Mileage,2
Actual,3
Fixed,5
Flat,1
general,1
Table,6
Gasoline,1
Pool,1
Purchasing,1
Bids,1
Notwithstanding,1
Taxation,1
Situs,1
Intangible,1
Middletown,1
Assessment,1
Practices,2
Twentyseven,1
Eighteen,2
taxing,1
Assessors,1
Slightly,1
Fiftytwo,1
Leading,2
Expansion,2
Industrial,4
Assistance,1
details,1
information,2
locating,1
Magazine,1
164,1
Morning,1
Workshop,1
Devoted,1
Mailings,1
1184,1
Planning,2
Stated,1
Functionally,1
Inventory,2
Analysis,5
Fiscal,3
comparative,1
Included,3
Mississippi,1
advantages,1
Towns,1
Borrowing,2
Disadvantages,1
Sacrifice,1
Adjusting,1
Plans,4
Adjustment,2
Simultaneous,1
Varying,1
Suitable,1
Ballet,2
Dances,1
Ballets,1
Proclamation,1
Sec,16
conduct,2
recommend,1
study,2
undertake,1
acquire,2
enter,1
make,1
utilize,1
establish,1
assemble,1
cause,1
foster,1
coordinate,1
cooperate,1
42,1
Approved,2
rightofentry,2
Subject,3
Payments,2
investigation,1
metabolic,1
neuropathology,1
carcinoma,1
evaluation,1
morphological,1
Twentynine,1
Visual,1
Demonstrations,1
Bandaging,1
Fifty,5
Illustrations,2
Fortyfive,1
Eightyfive,1
Specimens,2
Thirtyfive,4
Estimated,2
Additionally,3
Replacing,1
Experiments,6
Laboratory,2
somewhat,1
extraterrestrial,1
Preparations,1
Acoustical,1
Resistance,1
Carbon,1
Preliminary,3
Vapor,1
Surface,2
Pressure,1
Spherical,1
Transport,1
Temperature,4
216,1
Transition,1
Selected,1
Written,1
Provided,1
Detailed,2
Cuban,1
efforts,1
next,1
Blockade,3
Weaken,1
Landbased,1
Plenty,2
Shipments,1
Financial,4
method,1
description,1
Method,2
except,2
14,2
explanation,1
Mortar,1
Concrete,1
Bricks,1
Aboveground,1
Contractors,1
Preshaped,2
Underground,1
Arrangement,1
Ventilation,2
Radiation,5
Vent,1
Tests,3
Basement,1
Bunks,1
Fortynine,1
Blowers,1
Sanitation,1
Provision,1
Body,1
Warm,1
Openflame,1
Shelter,1
Competitors,1
353,3
Du,6
Christiana,2
Petitioner,10
petitioner,1
Pp,4
Haydn,1
269,1
361,1
348,2
Estep,1
Gonzales,1
346,1
Dozens,1
Chewing,1
Support,2
Pending,1
Unfriendly,1
Specifically,2
Steps,1
Wildlife,1
Hunter,1
Revise,1
Improve,2
Develop,1
Protection,4
Intensification,1
Continuation,2
Initiating,1
Coordination,1
Adoption,1
Reduction,1
Rodent,1
Roads,1
Service,2
Lands,1
Strategy,1
Retired,1
Traditionally,1
Operation,1
Legislation,1
Procurement,1
Expenditures,1
Notable,1
Strategic,1
Article,5
Done,3
Dwight,1
S,2
Class,2
Allocation,1
class,1
Essentially,4
Saturday,1
Declaration,1
Nonresident,2
Extensions,3
Citizens,2
Alaska,1
Taxpayers,1
Payment,1
Refunds,2
Rents,1
Employees,1
Sick,1
Deductible,1
Minors,1
Exemption,1
Example,4
Jefferson,2
Keatss,1
Winston,17
Forsan,1
Curious,1
Commencing,1
Sales,5
Outlook,1
Budget,1
Stretch,1
Largepackage,1
Uniconer,1
Takeup,1
Diversification,1
Patterson,1
PMR,1
Layout,1
Interim,1
Inventories,1
Employee,1
Musical,1
Orchestra,1
Courses,2
Carleton,2
Chapel,1
Theater,1
Dramatic,1
Athletics,1
Soccer,1
Membership,3
Womens,1
Orchesis,1
Tennis,1
Manuscript,1
Campus,1
KARL,1
Weekend,1
Reflecting,1
sales,2
Auto,1
Paced,1
Informed,1
Replacement,1
Demand,1
chief,1
director,1
Letting,1
Deans,1
Faculty,1
Indirectly,1
Trustees,1
Budgeting,1
Supporting,2
Declinations,1
Introduction,6
Observations,3
Mars,1
Piddington,1
Steady,1
Mare,1
Qualitative,1
Feedback,1
Argon,2
Sintered,1
Experimental,5
Figures,4
Inflow,1
Temperatures,1
Transpiration,1
Af,16
Theoretical,3
Douglass,4
Xray,2
samples,2
Subsequently,1
500,1
Differential,1
Thermogravimetric,1
Emission,1
Chromium,1
Magnetic,1
Electron,1
Background,1
Corrections,1
Spectra,4
Polyphosphates,1
lightduty,1
Hardsurface,1
Cleaning,1
Wet,2
Exclusive,1
Hydroxides,1
Dirt,1
Greasy,2
Stains,1
Miscellaneous,1
Greases,1
Physicochemical,1
Micelles,1
Substances,6
Freed,2
Cleaned,1
reagents,1
Liter,1
Purified,1
Carrier,1
Sets,2
Exchange,1
Wyatt,1
Whipple,1
Asteroidal,1
53,1
Ninety,1
Pioneer,1
Zodiacal,1
Extrapolation,1
54,1
Indirect,1
Biological,5
Neutral,1
Depending,1
Zinc,1
Spraying,1
Botulinal,1
Agents,1
Mutants,1
Lousiness,1
Huge,2
Modifications,1
Abelson,1
Speer,1
Fahey,1
Serum,2
Serological,1
AntiA,1
Homozygous,1
Chromatography,2
Paper,2
Ultracentrifugation,2
Fractions,1
Sedimentation,1
Successive,1
males,1
Bumblebees,1
Female,1
Nomia,1
Laurence,1
Felix,6
data,1
Oliver,2
redbellied,1
cottonmouth,1
Klauber,1
Carpenters,2
Maximum,1
Oversized,1
field,1
Growth,1
Discussions,1
rate,1
Definite,1
Anaconda,1
Olivers,1
Boa,1
final,1
Alphonse,1
Lung,1
well,2
Airdrifts,1
Distally,1
through,1
probably,2
Anatomically,1
25,3
Theoretically,1
Nakamura,2
Miller,1
Berry,1
Verloop,1
49,1
Ellis,1
Summary,2
Type,1
type,2
Lobularity,1
absent,1
imperfectly,1
Arterial,1
Onsets,1
Length,1
Organification,1
Taurog,2
Serif,1
Iodination,1
Thyroglobulin,1
Secretion,1
Alpers,1
Antithyroid,2
Dietary,1
Stanbury,1
Brown,2
Chemical,1
Pierce,1
Muscle,2
Splenomegaly,1
Therapy,1
Prednisone,1
Triamcinolone,1
Chlorothiazide,1
Electromyography,1
Thyroid,1
Serial,1
Severe,2
Findings,1
Microscopically,6
Macrophages,1
Cultures,1
Microscopic,3
Inflammatory,1
Trichrome,1
Purification,1
Root,1
until,1
Staining,1
indirect,2
Sections,4
Fluorescence,1
specificity,1
Unstained,1
Rinsing,1
Nonspecific,1
Schramm,1
Woundtumor,1
Brakke,1
MacLean,1
13,1
Hypothalamic,1
Facilitatory,1
synchrony,1
Physiological,1
Wolpes,1
Appropriate,1
Concluding,1
64,1
Theorem,2
Corollary,2
71,1
Marksmanship,1
Inheritance,1
Aces,1
Mathematically,1
Exactly,2
0,1
Experiment,3
Toss,1
Binomial,2
Strictly,1
Experimentally,1
Voting,2
Random,1
Lemma,4
old,1
Feelings,1
Transitional,1
Isolated,1
Efforts,2
Actively,1
Capital,2
Particularly,4
Convinced,1
man,1
life,1
Durkheim,1
Overwhelmed,1
Inability,1
Abreaction,1
Followup,1
Similarities,1
Willingness,1
Sentiment,1
Achieving,1
Maintenance,1
Norms,1
core,1
Statusroles,1
Ranking,1
Loomis,2
Sanctions,1
Subsystems,1
Subgroups,2
Roles,1
Regulative,1
Cultural,1
Adaptation,1
Integration,1
Communication,3
Boundary,2
Systemic,2
Socialization,2
Institutionalization,1
Intense,1
Urbanization,1
Group,1
Confused,1
Tribal,1
Personal,3
Averages,1
LInstitut,1
Statistics,1
Uniform,1
Films,1
Supplemental,1
Mainly,2
Responses,1
GuilfordMartin,3
level,1
individual,1
Autosuggestibility,1
Alcohol,1
Aniseikonic,1
Subjects,1
Overachievers,1
Administrative,1
Rating,1
Final,2
Measurement,1
Castaneda,1
Reliability,1
Relationship,1
Criterion,1
test,1
Tables,1
Sarason,1
Observers,2
Impersonal,1
Roleplaying,3
Evaluation,2
Interviewing,1
Turnover,1
Entirely,1
Spontaneity,1
Condensation,1
Freeman,1
Burnham,1
occurrence,1
Dictionary,1
dictionary,1
Text,5
cells,1
similarly,1
Equivalents,1
Dominant,3
dominant,1
Adverbial,1
Context,1
Macks,1
Omission,1
Syllabification,1
Syllables,1
Doubt,1
Tone,4
Papers,1
Analyses,2
Welmers,1
Consonantal,1
Morphophonemic,1
Phonemes,1
Tonal,2
Smaller,1
Linguists,1
Swadesh,2
26,1
Hoijers,1
121,1
stem,3
Doubtless,1
Poland,1
frontiers,1
Stalin,1
Byrnes,1
Liberated,1
Yalta,1
Elections,1
King,1
Interesting,1
Centrally,1
Voter,1
Periodic,1
Unemployed,1
Annual,1
Employers,1
Relation,1
Elaborate,1
Programs,1
Correlations,1
Oddlot,1
Towards,1
weak,2
Diametric,1
Nineteensixty,1
Spurred,1
Markets,1
Sixties,1
Wageprice,1
Disagreement,1
Kent,1
Wheaton,1
Hall,2
Hidden,1
Law,2
Codification,1
Contract,1
business,1
trade,2
Admiralty,1
Drawing,2
Reluctant,1
Temporary,1
refusal,1
Justices,2
Litigants,1
Terminiello,1
Refund,1
furthermore,1
Exceptions,1
Holding,2
Attributes,1
Reasons,1
Characteristics,1
Respondents,5
Twentyeight,1
Compilation,1
Mailing,1
Airmail,1
Fiftyseven,1
Processing,2
Primarily,1
Normally,2
Infrequently,1
Referrals,1
Assume,1
Employer,1
Legal,1
Emotional,2
Concerning,3
Ridiculing,1
loyalty,1
girls,1
Teachers,3
Unwholesome,1
Sources,6
Successful,1
Cumulative,1
Elementary,1
Correlatively,1
Pupil,1
Teacher,1
Withholding,1
Required,1
Seldom,1
Campbell,1
Educational,2
Maximizing,1
Suffice,1
Hightension,1
Threepart,1
per,1
costs,2
Ch,2
Philosophy,3
Mertons,1
247,1
271,1
shaping,1
Pt,1
Horowitz,1
Metaphysics,1
135,1
Bergson,1
Philosophic,1
philosophic,1
Uncertainty,1
badness,1
Broad,1
Psychical,1
could,1
Dice,2
Geometric,1
Attica,1
imitation,1
Figurines,1
objects,1
political,1
Dipylon,1
Ripe,1
Painters,1
instead,4
Wavy,1
Plate,1
Suspecting,1
Grabbing,1
Bullets,2
Noticing,2
Dropping,1
Russell,1
MacPherson,1
District,1
Pels,2
public,1
justice,1
Shot,2
Receiving,1
Manchesters,1
Goodwin,1
Shares,1
Orvis,1
Telegraphers,1
Operators,1
Eber,1
Elizabeth,1
Electric,1
electricity,1
Marsden,1
Manchester,1
Utopia,1
Utopian,1
democratic,1
Editor,1
Elisha,1
Extraordinary,1
Seated,3
Barstow,1
Woodburys,1
Resolved,4
Picasso,1
Literal,1
Planes,2
Flatness,1
Depicted,1
Cubism,1
Analytical,1
Synthetic,1
Subways,1
freeways,1
Willow,1
Department,2
Fear,2
Suburbs,1
Bankers,1
householders,1
Constantino,1
Cartoons,1
Washed,1
Painting,1
Lime,1
ground,2
where,2
Costaggini,1
Brumidis,1
Whosever,1
Necessary,1
Pozzatti,2
Difficult,1
Artists,2
Theories,1
Considered,1
Fromms,1
Fromm,3
Eric,1
Glance,1
Pimen,1
Varlaam,2
Missail,1
Varlaams,1
Musically,1
Rangonis,1
Curiously,1
Rangoni,2
Coming,3
Marina,1
Indignantly,1
Mussorgsky,3
Boris,1
Poems,1
Satires,1
gave,1
Hardys,1
Hardy,2
Critically,1
Horaces,1
Dylan,1
Thomass,2
Emotionally,2
Partly,3
Technique,1
Metrically,1
Ornament,1
Confabulation,1
Uninhibited,1
Continuity,1
Surrealists,1
AngloSaxon,2
Hrothgars,1
Alcinous,1
Milman,1
Proceeding,3
Assonance,1
Verbal,1
Limited,2
Combellack,1
Timeservers,1
Nouns,1
Reliance,1
noone,1
Achilles,1
Beowulf,1
Dickens,5
Pumblechooks,2
Wemmick,1
Magwitch,1
Orlick,3
Pip,3
Jaggers,1
Magwitchs,1
Pips,2
ie,3
Reservation,1
index,1
any,2
Index,1
Declarative,2
Autocoder,1
70707074,1
DA,1
DIOCS,1
diocs,1
Source,1
OConnor,1
Pilot,2
Composite,1
Weekly,1
Examination,2
Grab,3
Ice,2
Variations,2
Removal,1
Routine,2
Oxygen,1
Oxidation,1
Submarines,1
Mine,3
Operational,1
intelligence,1
Necessity,1
Industrys,1
Principles,1
Attack,2
Destruction,1
Antisubmarine,1
Elements,3
Conceivably,1
Shipbuilding,1
Intelligence,2
Environmental,1
Gathering,1
Approaching,1
Mines,7
Effective,1
Systems,2
Metabolite,1
Vigorous,1
Fragment,1
chemical,1
Selective,1
Investigations,1
Substance,1
highvoltage,1
pharmacological,1
special,1
continuum,1
theory,1
geochemistry,1
trace,1
Gallium,1
Australites,1
Libyan,1
Nickeliron,1
Impact,1
inorganic,1
Particular,1
structure,1
elasticity,1
Limitations,1
Contraction,1
Organization,1
T,1
Numerous,1
Properties,5
Criticality,5
Accepted,1
other,1
Currency,5
Format,4
References,3
Publication,4
22,2
Crystal,2
organization,4
Coeditors,1
Crystallographic,2
Cell,1
23,2
Coverage,2
numbers,1
Inorganic,1
24,2
Danas,1
minerals,1
abstracts,1
Recommendations,1
Unpublished,1
Critical,2
Microorganisms,1
Enzymatic,1
Spoilage,1
Sprouting,1
Ionizing,1
Deactivation,1
results,1
Selection,1
Radiopasteurization,3
Commercial,1
Meats,1
Offflavor,1
Moderate,1
Cooked,1
Ground,1
Specialty,1
Competitive,1
Radiosterilization,1
Irradiation,1
Poultry,1
Acceptable,1
Acceptance,1
Seafood,1
Fresh,3
Hesiometer,1
yc,2
yf,2
yt,1
Blunt,1
Softer,1
Knife,1
Chipping,1
Urethane,4
Extruded,1
Sandwich,1
Readers,2
Furniture,1
foamed,1
Blowing,1
Basically,2
Graph,1
Thermal,2
Flexural,1
Tensile,1
Slab,1
Profile,1
Molding,1
Satisfactory,1
Washing,1
Principle,1
Drying,2
Distances,2
Apparatus,1
wash,1
Dryer,1
Screen,1
Extractor,1
Pen,1
measuring,1
Soap,1
Softener,1
Detergent,1
Flatiron,1
tension,1
Knit,1
Fabrics,1
Woven,2
Garments,1
Procedure,1
washing,1
Refill,2
Inject,1
Drain,3
Highgain,2
Cascading,3
Channeltype,2
Image,2
Transmission,1
TSEM,1
Resolution,1
Cascaded,1
Measured,1
flux,1
numerical,1
internal,1
packing,1
Settled,1
Explicit,1
Neglecting,1
Gain,1
Including,1
resolution,1
Electrostatic,1
Bellman,1
P,1
73,1
Manual,2
74,1
Platform,2
Transit,1
Autocollimator,1
76,1
Gyrocompass,2
Thirtythree,1
Scotty,17
Scottys,1
Thirtyfour,1
Kates,1
Rachels,1
Gouge,1
Closer,1
Smiling,3
Whites,2
Warren,5
Prevot,3
Ours,1
Booby,1
Clumps,2
Looming,1
Lying,2
Sensing,1
Brittany,1
Pierre,2
Wait,4
Cest,1
Mickie,3
Als,1
Jane,3
Hed,22
Thered,1
Trig,2
Beside,2
Poverty,1
Boxell,2
Literally,1
Annisberg,1
Wilson,12
Dives,1
Tenements,1
Payne,4
Seward,1
Panting,1
Reversing,1
Herold,1
Violence,1
Wilkes,1
Guns,1
Booth,1
Clara,1
Rathbone,1
Stevie,11
Seizing,1
Instantly,1
before,1
Houses,2
Bong,6
Startled,2
ivy,1
Port,1
Ludie,8
Burt,1
Someday,2
Aggie,1
Lightning,2
Thunder,1
barrels,1
Violet,1
Drenched,1
Fiddles,1
Krist,1
Nigger,1
Jeesus,1
Yooee,1
Goddamn,3
Sonuvabitch,1
Kaboom,1
Thatll,2
Normal,1
Keerist,1
Prickly,1
Lousy,1
Months,1
Hired,1
Dirty,1
Rivers,1
Somebodyll,1
Stroked,1
Damn,3
Sleepyeyed,1
Knows,1
Keeeerist,1
Lookit,1
Somebody,11
Ching,1
Anything,8
Theyd,5
Coughlin,1
Quick,1
Finnegan,1
Am,2
Cmon,3
Automatically,1
Capitalism,1
Goddammit,1
Fuck,1
Brandon,1
Rousseau,5
Bah,1
Afraid,1
Monsieur,3
Cousin,8
Mattathias,1
Dancing,1
Drunkenness,1
Plunking,1
Johns,5
Calmly,1
Ablard,1
Abel,5
Philibert,1
Burial,1
Quickening,1
above,1
Sleep,1
Indigestion,1
Loneliness,1
Refugees,1
Libertines,1
Tears,2
Faint,1
Eli,1
Anger,1
Bern,1
matters,1
Fists,1
Lemme,1
Pullen,1
Moisture,1
Mollie,2
Mose,2
Fritzie,1
Amy,3
soon,1
Tuesday,1
Selena,2
Moll,1
McFeeley,5
Andrus,1
Sipping,1
Kidnaper,1
Flanked,1
yes,2
Skopas,1
Kahler,1
butter,1
jam,1
Stirring,1
Alix,1
Mme,1
Beethovens,1
Dadadadum,1
Cheap,1
Looked,1
Damp,1
Search,1
Visually,1
Discovering,1
Rabbi,1
Sangallo,1
Jacopo,1
too,2
Carving,1
Argiento,3
Scrub,1
Grumbled,1
frequently,1
Galli,1
Beth,1
Kate,11
Jonathans,1
Joel,4
Juanita,3
Stranger,1
Hearing,1
Jonathan,2
Dangling,1
Winking,1
Maj,1
Anita,1
Mynheer,1
Husbandry,1
Waited,1
Pensive,1
Unique,1
Injury,1
presentable,1
Burly,1
Peasants,1
Andrei,10
Tolek,1
Warsaw,4
Deportees,1
Jews,1
Andreis,1
Lublin,3
Globocnik,1
Lipowa,1
Krakow,1
Styka,6
Grabskis,1
Grabski,4
Flies,1
Drunk,2
Waking,1
Honest,2
Oval,1
Exboyfriend,1
Trust,1
Precious,1
Pat,14
Sposato,2
Hino,3
Rector,9
Kayabashi,1
Fujimoto,1
Fletcher,1
Rectors,1
Mavis,1
Konishi,1
Claire,2
Naked,1
Charming,1
Mystery,1
Brains,1
Pausing,3
Demanded,2
winter,1
Alastor,1
Shelley,1
Marys,1
Beckworth,2
Hillman,2
Prompted,1
Offer,1
Bomb,1
Leaves,1
Charity,1
Wont,1
Travelling,1
Everythings,1
Sheer,1
Charlie,15
Angelina,2
Jessica,1
Procreation,1
Marks,1
Pa,7
Youre,20
Pedersen,1
Pad,1
Pas,1
Ma,3
Shed,12
Heats,1
Stowey,1
Bicycle,1
improvise,1
Enjoy,1
Carrying,1
thought,1
Linda,9
Driving,1
Alex,8
Couldnt,2
Alexs,1
Eyes,3
Ejaculated,1
Giselle,1
Anyhow,3
unwarranted,1
Leona,1
bending,1
fine,1
Sighing,2
Carefully,2
Halfway,2
Frowning,1
Lovingly,1
Hatless,1
Heavycoated,1
Cardboard,1
Nurses,1
Aunt,1
Listening,2
Want,2
Regulars,1
Ninetynine,1
Roberta,6
Ratface,1
Vince,7
Got,3
Kinda,1
Grosse,7
sugar,1
Impatiently,1
Lauren,5
Barney,2
Marty,8
Squire,1
Martys,1
Acey,1
Rourke,4
Shayne,18
Geely,1
Mickey,9
Mickeys,2
Roberts,5
Ducking,2
Deep,1
Liz,1
Jeb,1
Pity,1
Tracking,1
Married,1
Wants,2
Carruthers,1
Hirey,1
Gaylors,1
Dear,3
Angie,3
Acourse,1
Ace,1
Denny,1
Angelo,1
Katya,2
Funny,1
Prettier,1
smarter,1
sixteen,1
Mendoza,1
already,1
Alison,1
Maudes,1
Happened,2
Maude,10
Drink,1
coffee,1
Ben,4
Lucien,1
Rilly,1
Added,1
Glendora,5
Lolotte,2
Reckon,1
Revs,1
Conrad,2
Conrads,1
Gilborn,5
Kitti,5
Quickly,2
Stanley,5
Dinner,1
Blanche,3
Defining,1
Gibby,3
Obligingly,1
Edmund,1
Expecting,1
Supplies,1
Memory,1
Hub,7
Lot,1
Thornburg,5
Backstage,1
Andys,2
Skolman,2
Bonner,1
Motion,1
Didnt,4
Shirl,1
Eliminating,1
Rocco,1
Vecchio,2
though,1
Dad,1
under,3
Rossi,1
Deliberately,2
Mae,3
Cooper,1
Holden,3
Goodbye,1
Glad,2
Worn,1
Shrugs,2
Cases,1
Traces,1
Mullins,3
pass,1
Weigand,1
Sort,3
Hathaway,1
Livingston,1
had,2
Intangibles,1
Willings,3
Ambushes,1
Faith,2
Forget,1
Grudges,1
Jeopardize,1
Motive,3
Bitter,1
call,1
Opportunity,1
got,1
would,1
Stilts,2
Pamela,5
Pam,2
Maddens,1
Pauling,3
particles,1
Scrapings,1
Trachea,1
Brain,2
Madden,8
Scholarship,1
Youngish,1
Garth,3
particularly,1
Twentyfive,1
Brian,2
Garths,1
Tenthousanddollar,1
Airy,1
Thayer,2
Griffith,7
Hoag,10
Mahzeers,2
Mahzeer,4
Docherty,3
Troubled,1
Narrow,1
Mullers,1
Muller,2
fresh,1
Fight,1
Killpath,7
because,1
Sol,1
Language,1
Casey,6
Calenda,1
Poet,13
Nick,5
Silently,1
Clasping,1
Alfredo,1
Strolling,1
Nicks,1
Springing,1
Desperately,1
Relentlessly,1
Harbor,1
Took,1
Proves,1
Comfortably,1
Ran,2
Came,1
Colored,1
Julia,4
Whos,2
Nellie,3
Swears,1
Guess,2
Doc,4
Powerful,1
Okay,2
Moore,1
Hiding,1
didnt,2
Alec,13
Interview,1
Soak,1
Reenact,1
Diana,2
Stacy,2
Colt,1
Forbes,1
Alecs,3
Hastily,1
Deal,1
Abandoning,1
Rough,1
yesterday,1
Places,1
Handley,2
Searoad,1
Le,1
Violent,1
Gloomy,1
Rabbits,1
Anta,1
Haney,11
Brakes,2
Haneys,1
Jist,1
hed,1
Pops,1
Dig,1
Same,4
Winsett,1
Selfs,1
Mike,40
Jubals,1
Repeating,1
Hello,1
Jubal,5
plants,1
Kiss,1
turn,1
Thou,1
Fosterite,1
LUnita,1
Digby,3
Foster,4
Eternity,1
Absentminded,1
Macneff,3
Thought,2
Swiftly,1
Hal,8
Australia,1
Siberia,1
Pornsen,1
Sigmen,1
Plus,2
individually,1
Hesperus,2
Recovering,1
Visiting,1
suspicion,1
Fuming,1
Stern,1
Langer,1
Ryan,6
Ekstrohm,17
Nitrogen,2
Ringing,1
Sonic,1
Me,1
Positive,1
Statistical,1
Dissect,1
Insects,1
Insomnia,1
ExPe,1
Suspicion,1
Helva,4
Helvas,3
Balanced,1
Breath,1
Acquiring,1
Tanner,1
Bdikkat,3
Formerly,1
Fighting,1
Reaching,4
Leaning,3
Sharon,1
Gavin,6
Clayton,8
against,2
Gavins,3
Laurel,1
Lived,1
Dawn,1
Lesters,1
Cabot,1
Purvis,1
Thirtysix,1
Fiske,1
Durkin,1
Shouldering,1
Snatching,1
Powder,1
Guerrillas,2
Hurry,1
Lew,1
Hustle,1
Oso,4
Surprisingly,1
28,1
Gray,3
Montero,3
Wildly,1
Buckets,1
although,1
Coyotes,1
jagged,1
Monteros,2
Kill,1
livable,1
Judith,1
Baldness,1
far,1
Cigarette,1
Begging,1
Barton,11
Rankin,1
Powers,3
Clyde,1
Mitch,1
Dill,2
Dills,1
Bartons,2
Donald,1
Creighton,1
Hague,3
Kodyke,3
Atonement,1
Birds,1
knowing,1
Indian,1
Bushes,1
Silence,3
stifled,1
clutched,1
Twigs,1
bushes,1
tree,1
Miraculously,3
Beaming,1
Shutt,1
Looks,1
Print,1
Lips,1
teetering,1
sufficiently,1
Joyce,3
McBride,4
Figger,1
Oilfield,1
Beat,1
Fearmaddened,1
Dimly,2
laughing,1
Donna,3
Supper,1
Billie,1
Conchita,3
Elena,1
Tomas,1
Brannon,9
Hernandez,1
Lighted,1
Hogan,3
Macklin,3
Resignedly,1
Deputy,2
Miguel,1
Prosecutor,1
Publicly,1
Haying,1
Harnessing,1
Powell,1
Ross,1
Keane,1
Jury,1
Brenners,1
Brenner,2
Vastly,1
Summers,1
Curts,2
Curt,17
Jess,11
Pistolwhipping,1
were,1
Sweat,3
Jesss,1
Pain,1
Nate,2
Sally,1
Slipping,1
Hez,2
Rod,4
Gran,2
Cobbs,1
Separating,1
Russ,6
Heading,1
Nerves,2
Fierce,1
Stevens,2
Muffling,1
Hitching,1
Climbing,1
Forced,2
Carmer,1
Halting,1
Cobb,3
Kneeling,1
Complying,1
Carmers,1
Count,1
Handing,1
Glowering,1
Nearing,1
Hauling,1
Clapping,1
Setting,1
Cursing,1
Dismounting,1
Swinging,1
Sweeping,1
Recklessly,1
Cricket,1
Fleischman,1
Greg,12
Donovan,1
Gregs,4
Stay,1
Todman,3
Visibility,1
Mercifully,1
Belton,1
Blind,1
Luck,1
Wingman,1
Cool,1
Adios,1
gauche,1
Autos,1
Whiteshirted,1
Squeezing,1
Gracias,1
Johnsons,2
Emptied,1
Teeth,1
Havent,1
Zing,1
Mmmm,1
Doesnt,1
Softly,1
Warmly,1
Bryn,1
Lights,1
Rawlins,1
Accident,1
Tomorrow,1
Nicolas,3
Dammit,1
Merediths,2
Packing,1
Meredith,2
veal,1
Fruit,1
Opening,1
Steinhager,1
Kissing,1
Molten,1
suffocating,1
dust,1
Frozen,1
Walls,1
Bens,1
Sulphur,1
Brassnose,4
Heave,1
Karipo,1
Benson,7
Ramey,12
Horsely,1
Slender,1
Thems,1
Rameys,1
Penny,5
Keith,6
Wing,1
Keiths,1
Peacocks,1
Mouse,1
Wild,2
Waddell,10
went,1
Aloud,1
Shaffner,1
crossed,1
said,1
Folding,1
Artie,1
tomorrow,1
Whichever,1
Gloom,1
Matsuo,16
Apprehensively,1
Cautious,1
faint,1
whispers,1
leaning,1
Humiliation,1
Hush,1
Reflex,1
around,1
Maintaining,1
Sake,1
burned,2
Popping,1
down,1
Chairs,1
Tilghmans,1
Tilghman,5
Resisting,1
Leisurely,1
Wiley,1
Daddy,1
Lithe,1
Delphine,4
Madame,1
Lifting,1
Satisfied,1
Prieur,1
Aristide,1
Dandy,1
Airless,1
Feebly,1
Convulsively,1
Ruffians,1
Hair,1
ZinggggO,1
Curly,1
Feathertop,6
Slug,1
Hmm,1
Kitty,2
Ernie,8
Joviality,1
Cappy,3
Charcoal,1
Cappys,1
Ernies,1
Real,2
Filippo,1
Calloused,1
Mauvecolored,1
Sameness,2
Waiting,1
Pompeii,3
Soothing,1
Maggie,7
Worry,1
Stuart,1
Eugenia,3
Shivering,2
Cold,1
Grandma,1
Unusual,1
Laban,1
Tolley,2
Zion,2
Kizzie,1
Tolleys,1
Absolution,1
Gunny,2
Tillie,1
Jennys,1
Jenny,1
Rhyme,1
Edmonia,1
Handsomest,1
Doaty,1
Adelia,1
Impossible,1
Rosa,1
Folly,1
Tommy,7
Anywhere,1
Sooner,2
Wow,1
Strippers,1
Owen,6
Buzz,2
Ahah,1
Smug,1
Forebearing,1
why,1
Spencer,3
Naval,1
Hostile,1
Heiser,1
McKinley,1
Adrien,1
Spencers,1
Tillotson,1
Gansevoort,1
Wales,1
Implements,1
Sternfaced,1
Bits,1
Rapping,1
Ready,1
Reuveni,1
Wednesday,2
Homes,1
McKenzie,2
Attending,1
Askington,2
just,1
Burns,1
Prisoners,1
Dolly,1
Via,1
Agnese,2
Signora,1
Carla,1
Regretfully,1
Nodding,1
Devout,1
Elsewhere,1
Telling,1
Drive,1
Lie,1
Sssshoo,1
Move,3
Walitzee,2
young,1
Pietro,1
Carrie,1
Abruptly,1
Upstairs,1
Jims,1
Myra,5
whenever,1
thousands,1
Puzzled,1
Cowbird,1
Unimpressed,1
Quint,5
Fearless,1
Son,2
Victoria,2
Strength,1
Quintus,1
Someones,1
Hey,1
Pugh,1
Camels,1
Artfully,1
Toothhurty,1
Sweating,1
Hadnt,1
JohnandLinda,2
Mousie,2
Bobbie,5
Edythe,1
Alloy,1
Chris,3
Nadines,2
Nadine,1
Wallys,1
Ken,1
Wally,3
Thankful,1
Worst,1
Straightened,1
Alice,1
shed,1
yieldingMediterranianwoman,1
everything,1
Elemental,1
Sometime,2
Shoals,1
Marvelous,1
Theresa,5
Content,1
Carrozza,1
Johnnie,5
Astonishingly,1
Infinite,1
Idiots,1
Convention,1
surely,1
Share,1
Pink,1
Eh,2
Rundown,1
Frail,1
Sympathy,1
Correspondence,1
Deegan,3
Fights,1
Phils,1
Dazed,1
Baseballs,1
Grinned,1
Soba,1
Sushi,1
Sashimi,1
Fudo,1
Cady,15
Tax,1
Hanford,3
Petes,1
Height,1
Weight,1
Health,1
Weakness,1
Davids,1
Astronomy,1
Geology,1
Quietly,1
Bills,1
Angrily,1
Bizarre,1
Alternately,1
Instantaneously,1
Extending,1
Freddy,2
Willis,3
Gerry,1
Cursed,1
allied,1
Zenith,1
Freddys,2
Forgive,1
Ticonderoga,1
Financing,1
Heads,1
Spikehaired,1
Welch,5
Barco,2
Ridiculous,1
Stopping,1
Viola,2
Jennie,2
Resolving,1
Francesca,4
Herb,1
Fran,2
Bermuda,1
Grazie,2
Pioneers,1
pioneers,1
people,2
Reverently,1
Becoming,1
Presidential,1
Heywood,1
Traitor,1
Letch,2
Doors,1
Ambiguity,3
Journalism,1
Classified,1
View,1
Strangely,1
Indefinite,1
Replies,1
Itwit,1
Moreland,7
Foreigners,1
disturbing,1
nobody,1
Pueri,1
Marcellus,1
Aging,1
Petite,1
Max,1
Fing,1
Cause,1
Bravado,1
Soaring,1
Quasimodo,1
Hastening,1
Rummaging,1
fess,1
Hells,1
Nuf,1
Inscribed,1
Whosoever,1
youre,1
Evenings,1
Compassionately,1
revulsion,1
